{
  "env_cls": "qiskit_gym.envs.routing.RoutingEnv",
  "env": {
    "num_qubits": 127,
    "coupling_map": {
      "__tuple_list__": true,
      "list": [
        [0, 1], [0, 14], [1, 2], [2, 3], [3, 4], [4, 5], [4, 15],
        [5, 6], [6, 7], [7, 8], [8, 9], [8, 16], [9, 10], [10, 11],
        [11, 12], [12, 13], [12, 17], [14, 18], [15, 22], [16, 26],
        [17, 30], [18, 19], [19, 20], [20, 21], [20, 33], [21, 22],
        [22, 23], [23, 24], [24, 25], [24, 34], [25, 26], [26, 27],
        [27, 28], [28, 29], [28, 35], [29, 30], [30, 31], [31, 32],
        [32, 36], [33, 39], [34, 43], [35, 47], [36, 51], [37, 38],
        [37, 52], [38, 39], [39, 40], [40, 41], [41, 42], [41, 53],
        [42, 43], [43, 44], [44, 45], [45, 46], [45, 54], [46, 47],
        [47, 48], [48, 49], [49, 50], [49, 55], [50, 51], [52, 56],
        [53, 60], [54, 64], [55, 68], [56, 57], [57, 58], [58, 59],
        [58, 71], [59, 60], [60, 61], [61, 62], [62, 63], [62, 72],
        [63, 64], [64, 65], [65, 66], [66, 67], [66, 73], [67, 68],
        [68, 69], [69, 70], [70, 74], [71, 77], [72, 81], [73, 85],
        [74, 89], [75, 76], [75, 90], [76, 77], [77, 78], [78, 79],
        [79, 80], [79, 91], [80, 81], [81, 82], [82, 83], [83, 84],
        [83, 92], [84, 85], [85, 86], [86, 87], [87, 88], [87, 93],
        [88, 89], [90, 94], [91, 98], [92, 102], [93, 106], [94, 95],
        [95, 96], [96, 97], [96, 109], [97, 98], [98, 99], [99, 100],
        [100, 101], [100, 110], [101, 102], [102, 103], [103, 104],
        [104, 105], [104, 111], [105, 106], [106, 107], [107, 108],
        [108, 112], [109, 114], [110, 118], [111, 122], [112, 126],
        [113, 114], [114, 115], [115, 116], [116, 117], [117, 118],
        [118, 119], [119, 120], [120, 121], [121, 122], [122, 123],
        [123, 124], [124, 125], [125, 126]
      ]
    },
    "num_active_swaps": 8,
    "horizon": 32,
    "difficulty": 1,
    "depth_slope": 2,
    "max_depth": 64,
    "obs_bins": 7,
    "metrics_weights": {
      "n_cnots": 0.000001,
      "n_layers_cnots": 0.000001,
      "n_layers": 0.0000001,
      "n_gates": 0.0000001
    },
    "layout_exponent": 10.0,
    "track_solution": true
  },
  "policy_cls": "twisterl.nn.Conv1dPolicy",
  "policy": {
    "conv_dim": 1,
    "embedding_size": 1024,
    "common_layers": [512, 256],
    "policy_layers": [],
    "value_layers": []
  },
  "algorithm_cls": "twisterl.rl.PPO",
  "algorithm": {
    "collecting": {
      "num_cores": 32,
      "num_episodes": 1024,
      "lambda": 0.995,
      "gamma": 0.995
    },
    "training": {
      "num_epochs": 10,
      "vf_coef": 0.8,
      "ent_coef": 0.01,
      "clip_ratio": 0.1,
      "normalize_advantage": false
    },
    "learning": {
      "diff_threshold": 0.85,
      "diff_max": 256,
      "diff_metric": "ppo_deterministic"
    },
    "optimizer": {
      "lr": 0.00015
    },
    "evals": {
      "ppo_deterministic": {
        "num_episodes": 100,
        "deterministic": true,
        "num_searches": 1,
        "num_mcts_searches": 0,
        "num_cores": 32,
        "C": 1.41
      },
      "ppo_10": {
        "num_episodes": 100,
        "deterministic": false,
        "num_searches": 10,
        "num_mcts_searches": 0,
        "num_cores": 32,
        "C": 1.41
      }
    },
    "logging": {
      "log_freq": 1,
      "checkpoint_freq": 10
    }
  }
}
